pept,pept_ident_probab,fetchid,GN,GN_fetched,prev_aa,next_aa,prev_aa_fetched,next_aa_fetched,pept_start,pept_stop,start_fetched,stop_fetched,enzyme,OS,locus,prot_name,uid,uid_fetched,signal,signal_loc,tm_span,prot_ident_probab,crit_GN,crit_uid_full,crit_uid_maj,crit_pept_in,crit_start,crit_stop,crit_prev_aa,crit_next_aa,SCORE
DGYEPCVNEGMCVTYHNGTGYCK,99.7,74750065.0,NOTCH2NL,NOTCH2NL,R,C,,,4,26,,,T,Homo sapiens,NT2NL_HUMAN,Isoform 3 of Notch homolog 2 N-terminal-like protein,Q7Z3S9-3,Q7Z3S9.1,N,,N,99.3,True,False,True,False,False,False,False,False,20
ELNSNHDGADETSEKEQQEAIEHIDEVQNEIDR,99.7,46397790.0,SET,SET,K,L,,,12,44,,,T,Homo sapiens,SET_HUMAN,Isoform 2 of Protein SET,Q01105-2,Q01105.3,N,,N,100.0,True,False,True,False,False,False,False,False,20
FQNITDFWK,99.7,74712656.0,IKBIP,IKBIP,K,R,,,152,160,,,T,Homo sapiens,IKIP_HUMAN,Isoform 4 of Inhibitor of nuclear factor kappa-B kinase-interacting protein,Q70UQ0-4,Q70UQ0.1,N,,Y,99.3,True,False,True,False,False,False,False,False,20
GGSGSHNWGTVKDELTDLDQSNVTEETPEGEEHHPVADTENK,99.7,52783206.0,SERBP1,SERBP1,R,E,,,217,258,,,T,Homo sapiens,PAIRB_HUMAN,Isoform 3 of Plasminogen activator inhibitor 1 RNA-binding protein,Q8NC51-3,Q8NC51.2,N,,N,100.0,True,False,True,False,False,False,False,False,20
GSLSYLNVTR,99.7,,,,K,K,,,57,66,,,T,,H7C469_HUMAN,Uncharacterized protein (Fragment),H7C469,,,,,99.3,False,False,False,,False,False,False,False,0
GYYNQSEAGSHTLQWMHGCELGPDGR,99.7,34395942.0,HLA-E,HLA-E,R,F,,,104,129,,,T,Homo sapiens,Q6DU44_HUMAN,"HLA class I histocompatibility antigen, alpha chain E",Q6DU44,P13747.3,Y,0..21,Y,99.3,True,False,False,False,False,False,False,False,10
IQNILSEKPTVTTVYANNGSVLQGSSVASVYDGK,99.7,325511384.0,PON2,PON2,R,L,,,294,327,,,T,Homo sapiens,J3QT77_HUMAN,Serum paraoxonase/arylesterase 2,J3QT77,Q15165.3,Y,0..2,N,99.9,True,False,False,False,False,False,False,False,10
LLRDDEAHLQEDQGEEECFHDCSASFEEEPGADKVENK,98.4,,,,?,?,,,0,0,,,T,,,Unknown  protein for peptide #61741,,,,,,96.1,False,False,False,,False,False,False,False,0
LRVQPFNVTQGKYSTAQE,99.7,1708854.0,LAMP2,LAMP2,D,C,,,350,367,,,G,Homo sapiens,LAMP2_HUMAN,Isoform LAMP-2B of Lysosome-associated membrane glycoprotein 2,P13473-2,P13473.2,Y,0..28,Y,100.0,True,True,True,False,False,False,False,False,21
NVTYGTYLDDPDPDDGFNYK,97.9,5921197.0,CALU,CALU,R,Q,,,131,150,,,T,Homo sapiens,CALU_HUMAN,Isoform 2 of Calumenin,O43852-2,O43852.2,Y,0..19,N,96.9,True,True,True,False,False,False,False,False,21
RTVNSLNVSANE,99.7,118572629.0,ALCAM,ALCAM,E,N,,,493,504,,,G,Homo sapiens,CD166_HUMAN,Isoform 2 of CD166 antigen,Q13740-2,Q13740.2,Y,0..27,Y,100.0,True,True,True,False,False,False,False,False,21
SGNPGAEVTNSSVAGPDCCGGLGNIDFR,99.7,148887406.0,PEMT,PEMT,R,Q,,,4,31,,,T,Homo sapiens,PEMT_HUMAN,Isoform 2 of Phosphatidylethanolamine N-methyltransferase,Q9UBM1-2,Q9UBM1.4,N,,Y,99.3,True,False,True,False,False,False,False,False,20
TVNSLNVSANENR,99.7,118572629.0,ALCAM,ALCAM,R,E,,,494,506,,,T,Homo sapiens,CD166_HUMAN,Isoform 2 of CD166 antigen,Q13740-2,Q13740.2,Y,0..27,Y,100.0,True,True,True,False,False,False,False,False,21
VQSSPTTLLVNVSGKFYE,86.2,6919937.0,SLC9A6,SLC9A6,E,Y,,,135,152,,,G,Homo sapiens,SL9A6_HUMAN,Isoform 2 of Sodium/hydrogen exchanger 6,Q92581-2,Q92581.2,N,,Y,99.2,True,True,True,False,False,False,False,False,21
VQSSPTTLLVNVSGKFYE,99.7,6919937.0,SLC9A6,SLC9A6,E,Y,,,135,152,,,G,Homo sapiens,SL9A6_HUMAN,Isoform 2 of Sodium/hydrogen exchanger 6,Q92581-2,Q92581.2,N,,Y,99.2,True,True,True,False,False,False,False,False,21
VVAPVESHVPESNQAQGESPAANEGTTVQHPEAPQEEK,95.7,,,,?,?,,,0,0,,,T,,,Unknown  protein for peptide #57090,,,,,,89.8,False,False,False,,False,False,False,False,0
WFDNSNMTFDK,99.7,317373426.0,LY75,LY75,K,W,,,1745,1755,,,T,Homo sapiens,LY75_HUMAN,Isoform 2 of Lymphocyte antigen 75,O60449-2,O60449.3,Y,0..27,Y,99.3,True,False,True,False,False,False,False,False,20
WTPLNSSTIIGYR,98.9,300669710.0,FN1,FN1,R,I,,,1287,1299,,,T,Homo sapiens,FINC_HUMAN,Isoform 13 of Fibronectin,P02751-13,P02751.4,Y,0..31,N,100.0,True,False,True,False,False,False,False,False,20
XTNATNNMNLSRSSSDNNTNTLGRNVMSTATSPLMGAQSFPNLTT,99.6,,,,?,?,,,0,0,,,G,,,Unknown  protein for peptide #177397,,,,,,98.8,False,False,False,,False,False,False,False,0
